Addons,Genre(s),JP,NA,PAL,Ref.,Title
0 Degrees,Kiddo DevEast Asiasoft LimitedNerd Games,East Asiasoft Limited,"Jun 13, 2022","Dec 30, 2021",,
20 Bunnies,EastAsiaSoftNerd Games,EastAsiaSoft,"May 2, 2022","Nov 19, 2021",,
3D Pool: Billiards & Snooker Remastered,Joindots,Joindots,Unreleased,"Feb 19, 2021",,
Marvel 1943: Rise of Hydra,Skydance New Media,Skydance New Media,2025,2025,,
Abandoned,Blue Box Game Studios,Blue Box Game Studios,TBA,TBA,,
Aeterna Noctis,Aeternum Game Studios,Aeternum Game Studios,Unreleased,"Dec 15, 2021",,[3]
AEW Fight Forever,Yuke's,THQ NordicAEW Games,"Jun 29, 2023","Jun 29, 2023",,[4]
Age of Wonders 4,Triumph Studios,Paradox Interactive,Unreleased,"May 2, 2023",,[5]
Alan Wake Remastered,Remedy Entertainment,Microsoft Game Studios,"Oct 4, 2021","Oct 4, 2021",,
Alan Wake II,Remedy Entertainment,Epic Games,"Oct 27, 2023","Oct 27, 2023",,
Alex Kidd in Miracle World DX,Jankenteam,Merge Games,"Jun 22, 2021","Jun 22, 2021",,
Alfred Hitchcock – Vertigo,Pendulo Studios,Microids,Unreleased,"Oct 4, 2022",,
Aliens,Sabec Limited,Sabec Limited,Unreleased,"Mar 31, 2021",,
Aliens: Fireteam Elite,Cold Iron Studios,Cold Iron Studios,"Aug 24, 2021","Aug 24, 2021",,
Aliens: Dark Descent,Tindalos Interactive,Focus Entertainment,"Jun 20, 2023","Jun 20, 2023",,
Alice Gear Aegis CS: Concerto of Simulatrix,Pyramid,MagesPQube (International version),"Sep 8, 2022","Mar 14, 2023",,
Among Us,Innersloth,Innersloth,"Dec 14, 2021","Dec 14, 2021",,
Animal Well,Billy Basso,Billy Basso,"May 9, 2024","May 9, 2024",,
Anno 1800,Blue Byte,Ubisoft,"Mar 16, 2023","Mar 16, 2023",,[6]
Avatar: The Last Airbender: Quest for Balance,Bamtang Games,GameMill Entertainment,Unreleased,"Sep 22, 2023",,
Anno: Mutationem,ThinkingStars,ThinkingStars,"Mar 16, 2022","Mar 16, 2022",,[7]
Anodyne 2: Return to Dust,Analgesic Productions,Ratalaika Games,Unreleased,"Feb 18, 2021",,
Apex Legends,Respawn Entertainment,Electronic Arts,"Mar 29, 2022","Mar 29, 2022",CP,
Apsulov: End of Gods,Angry Demon Studios,Digerati Distribution,Unreleased,"Aug 27, 2021",,
Aragami 2,Lince Works,Lince Works,"Sep 17, 2021","Sep 17, 2021",,
Arcadegeddon,IllFonic,IllFonic,"Jul 8, 2021","Jul 8, 2021",,
Armored Core VI: Fires of Rubicon,FromSoftware,Bandai Namco Entertainment,"Aug 25, 2023","Aug 25, 2023",,
Arcade Paradise,Nosebleed Interactive,Wired Productions,"Aug 11, 2022","Aug 11, 2022",,
Archetype Arcadia,Water Phoenix,Kemco,"Oct 21, 2021",Unreleased,,[8]
Arctic Awakening,GoldFire Studios,GoldFire Studios,2024,2024,,
Arrog,Hermanos MagiaLeap Game Studios,nakana.io,Unreleased,"Feb 5, 2021",,[9]
Art of Rally,Funselektor Labs,Funselektor Labs,"Oct 6, 2021","Oct 6, 2021",,
The Artful Escape,Beethoven & Dinosaur,Annapurna Interactive,"Jan 25, 2022","Jan 25, 2022",,
The Ascent,Neon Giant,Curve Digital,"Mar 24, 2022","Mar 24, 2022",,
Asphalt Legends Unite,Gameloft Barcelona,Gameloft,"Jul 17, 2024","Jul 17, 2024",CP,[10]
Assassin's Creed Mirage,Ubisoft Bordeaux,Ubisoft,"Oct 5, 2023","Oct 5, 2023",CB,
Assassin's Creed Shadows,Ubisoft Quebec,Ubisoft,"Nov 15, 2024","Nov 15, 2024",,
Assassin's Creed Valhalla,Ubisoft Montreal,Ubisoft,"Nov 12, 2020","Nov 12, 2020",CB,
Assetto Corsa Competizione,Kunos Simulazioni,505 Games,"Feb 24, 2022","Feb 24, 2022",,
Asterigos: Curse of the Stars,Acme Gamestudio,Acme Gamestudio,"Oct 11, 2022","Oct 11, 2022",,[11]
Asterix & Obelix: Slap Them All! 2,Mr. Nutz Studio,Microids,Unreleased,"Nov 14, 2023",,
Astria Ascending,Artisan Studios,Dear Villagers,"Sep 30, 2021","Sep 30, 2021",,
Astro Bot,Team Asobi,Sony Interactive Entertainment,"Sep 6, 2024","Sep 6, 2024",,
Astro's Playroom,Japan Studio,Sony Interactive Entertainment,"Nov 12, 2020","Nov 12, 2020",,
Atelier Marie: The Alchemist of Salburg - Digital Deluxe Edition,Gust Co. Ltd.,Koei Tecmo,"Jul 13, 2023","Jul 13, 2023",,
Atelier Ryza 2: Lost Legends & the Secret Fairy,Gust Co. Ltd.,Koei Tecmo,"Dec 3, 2020","Jan 26, 2021",CB,
Atomic Heart,Mundfish,Mundfish,"Feb 21, 2023","Feb 21, 2023",,
Auto Chess,Dragonest Game,Dragonest Game,"Mar 30, 2021","Mar 30, 2021",,
Avatar: Frontiers of Pandora,Massive Entertainment,Ubisoft,"Dec 7, 2023","Dec 7, 2023",,
Marvel's Avengers,Crystal Dynamics,Square Enix,"Mar 18, 2021","Mar 18, 2021",CB CP,
Axiom Verge 2,Thomas Happ Games,Thomas Happ Games,"Aug 9, 2022","Aug 9, 2022",,
Aztech: Forgotten Gods,Lienzo,Lienzo,"Mar 10, 2022","Mar 10, 2022",,
Babylon's Fall,PlatinumGames,Square Enix,"Mar 3, 2022","Mar 3, 2022",,
Back 4 Blood,Turtle Rock Studios,WB Games,"Oct 12, 2021","Oct 12, 2021",CB,
Balan Wonderworld,Balan CompanyArzest,Square Enix,"Mar 26, 2021","Mar 26, 2021",CB,
Baldur's Gate III,Larian Studios,Larian Studios,"Sep 6, 2023","Sep 6, 2023",,
Battlefield 2042,DICE,Electronic Arts,"Nov 19, 2021","Nov 19, 2021",CP,
Batora: Lost Haven,Stormind Games,Team17,"Oct 20, 2022","Oct 20, 2022",,[12]
Beyond Contact,Playcorp Studios,Deep Silver,TBA,TBA,,[13]
Beyond a Steel Sky,Revolution Software,Revolution SoftwareMicroids,"Nov 30, 2021","Nov 30, 2021",,
The Binding of Isaac: Repentance,Nicalis,Nicalis,Unreleased,"Nov 4, 2021",,
Bluey: The Videogame,Artax Games,Outright Games,"Nov 17, 2023","Nov 17, 2023",,
Biomutant,Experiment 101,THQ Nordic,"Sep 6, 2022","Sep 6, 2022",,
Bang-On Balls: Chronicles,Exit Plan Games,Untold Tales,"Mar 4, 2024","Mar 4, 2024",,
Black Legend,Warcave,Warcave,"Mar 25, 2021","Mar 25, 2021",,[14]
Black Myth: Wukong,Game Science,Game Science,"Aug 20, 2024","Aug 20, 2024",,
Blast Brigade vs. the Evil Legion of Dr. Cread,Allods Team Arcade,My.Games,"Apr 13, 2022","Apr 13, 2022",,
Blazing Strike,RareBreed Makes Games,Aksys Games,TBA,TBA,,[15]
Blood Bowl 3,Cyanide,Nacon,"Feb 23, 2023","Feb 23, 2023",,
BloodRayne Betrayal: Fresh Bites,WayForward,Ziggurat Interactive,"Sep 9, 2021","Sep 9, 2021",,[16][17]
Borderlands 3,Gearbox Software,2K,"Nov 12, 2020","Nov 12, 2020",CB CP,
Braid Anniversary Edition,Thekla,Thekla,"Apr 30, 2024","Apr 30, 2024",,
Bratz: Flaunt Your Fashion,Petoons Studio,Outright Games,"Nov 4, 2022","Nov 4, 2022",,
Breakout: Recharged,Adamvision StudiosSneakyBox,Atari,TBA,"Feb 10, 2022",,
Bridge Constructor: The Walking Dead,ClockStone,Headup Games,"Dec 15, 2020","Dec 15, 2020",CB,
Bugsnax,Young Horses,Young Horses,"Nov 12, 2020","Nov 12, 2020",CB,
C14 Dating,Ratalaika Games,Ratalaika Games,"Mar 30, 2021","Mar 30, 2021",CP,
Cocoon,Geometric Interactive,Annapurna Interactive,"Sep 29, 2023","Sep 29, 2023",,
Call of Duty: Black Ops Cold War,Raven SoftwareTreyarch,Activision,"Nov 13, 2020","Nov 13, 2020",CP,
Call of Duty: Black Ops 6,Raven SoftwareTreyarch,Activision,"Oct 25, 2024","Oct 25, 2024",,
Call of Duty: Modern Warfare II,Infinity Ward,Activision,"Oct 28, 2022","Oct 28, 2022",,
Call of Duty: Modern Warfare III,Infinity Ward,Activision,"Nov 10, 2023","Nov 10, 2023",,
Call of Duty: Vanguard,Sledgehammer Games,Activision,"Nov 5, 2021","Nov 5, 2021",,
Call of Duty: Warzone 2.0,Raven SoftwareInfinity Ward,Activision,"Nov 16, 2022","Nov 16, 2022",,
Call of the Sea,Out of the Blue,Raw Fury,"May 11, 2021","May 11, 2021",,
The Callisto Protocol,Striking Distance Studios,Krafton,Unreleased,"Dec 2, 2022",,
Can't Drive This,Pixel Maniacs,Perp Games,"Mar 19, 2021","Mar 19, 2021",,
The Centennial Case: A Shijima Story,h.a.n.d.,Square Enix,"May 12, 2022","May 12, 2022",,[18]
Centipede: Recharged,Adamvision StudiosSneakyBox,Atari,TBA,"Sep 29, 2021",,
Century: Age of Ashes,Playwing,Playwing,"Feb 21, 2023","Sep 26, 2022",,[19]
Chernobylite,The Farm 51,All In! Games,"Apr 21, 2022","Apr 21, 2022",,
Crazy Chicken X,Korion Interactive,Markt+Technik,Unreleased,"Dec 13, 2023",,
Crazy Chicken Wanted,Independent Arts Software,Markt+Technik,Unreleased,"Jul 7, 2021",,
Crazy Chicken Kart 2,Korion Interactive,Markt+Technik,Unreleased,"May 31, 2022",,
Crazy Chicken Xtreme,Korion Interactive,Markt+Technik,Unreleased,"Jun 15, 2022",,
Crazy Chicken Remake,Independent Arts Software,Markt+Technik,Unreleased,"Jul 9, 2021",,
Crazy Chicken Jump 'n' Run Traps and Treasures,Higgs Games,Markt+Technik,Unreleased,"Aug 4, 2022",,
Crazy Chicken Jump 'n' Run Traps and Treasures 2,Korion Interactive,Markt+Technik,Unreleased,"Dec 25, 2023",,
Chicory: A Colorful Tale,Greg Lobanov,Finji,"Jun 10, 2021","Jun 10, 2021",,
Chivalry 2,Torn Banner Studios,Deep SilverTripwire Interactive,"Jun 8, 2021","Jun 8, 2021",CP,
Chorus,Fishlabs,Deep Silver,Unreleased,"Dec 3, 2021",,
Clash: Artifacts of Chaos,ACE Team,Nacon,"Mar 9, 2023","Mar 9, 2023",,
Clid the Snail,Weird Beluga Studio,Koch Media,Unreleased,"Dec 15, 2021",,[20]
College Football 25,EA Orlando,EA Sports,"Jul 14, 2024","Jul 14, 2024",,
Company of Heroes 3,Relic Entertainment,Sega,"May 30, 2023","May 30, 2023",,
Concept Destruction,Ratalaika Games,Ratalaika Games,Unreleased,"Nov 12, 2020",CB,[21]
Concord,Firewalk,Sony Interactive Entertainment,"Aug 23, 2024","Aug 23, 2024",,
Control: Ultimate Edition,Remedy Entertainment,505 Games,"Feb 2, 2021","Feb 2, 2021",CB,
Control 2,Remedy Entertainment,505 Games,TBA,TBA,,
Color Snake,Nosta Games LTD,Nosta Games LTD,"Jun 13, 2024","Jun 13, 2024",,
Conway: Disappearance at Dahlia View,White Paper Games,Sold Out,TBA,TBA,,[22]
Crash Bandicoot 4: It's About Time,Toys for Bob,Activision,"Mar 12, 2021","Mar 12, 2021",CB,
Crash Drive 3,M2H,M2H,"Jul 8, 2021","Jul 8, 2021",,[23]
The Crew Motorfest,Ubisoft Ivory Tower,Ubisoft,"Sep 14, 2023","Sep 14, 2023",,
Cricket 22,Big Ant Studios,Nacon,Unreleased,"Nov 25, 2021",,
Crimson Desert,Pearl Abyss,Pearl Abyss,TBA,TBA,,
Crimsonland,10tons,10tons,Unreleased,"Jan 20, 2021",CB,
Cris Tales,Dreams UncorporatedSYCK,Modus Games,"Jul 20, 2021","Jul 20, 2021",,
Crisis Core: Final Fantasy VII Reunion,Square Enix,Square Enix,"Dec 13, 2022","Dec 13, 2022",,
CRSED: F.O.A.D.,Darkflow Studio,Gaijin Entertainment,"Dec 15, 2020","Dec 15, 2020",,
Crusader Kings III,Paradox Development StudioLab42 Games,Paradox Interactive,"Mar 29, 2022","Mar 29, 2022",,
Cthulhu Saves Christmas,Zeboyd Games,Zeboyd Games,"Dec 22, 2020","Dec 22, 2020",,
Curse of the Sea Rats,Petoon Studios,PQube,Un­known,"Apr 6, 2023",,[24]
Curved Space,Only By Midnight,Maximum Games,Unreleased,"Jun 29, 2021",,
Cyanide & Happiness: Freakpocalypse,Explosm GamesSkeleton Crew Studios,Serenity Forge,Unreleased,"Oct 26, 2021",,
Cyberpunk 2077,CD Projekt Red,CD Projekt,"Feb 15, 2022","Feb 15, 2022",CB,
Cyber Shadow,Mechanical Head Studios,Yacht Club Games,Unreleased,"Jan 26, 2021",CB,
CYGNI: All Guns Blazing,KeelWorks,KeelWorks,"Sep 19, 2023","Sep 19, 2023",,[14]
The Dark Pictures Anthology: House of Ashes,Supermassive Games,Bandai Namco Entertainment,"Oct 21, 2021","Oct 22, 2021",CB,
Darq: Complete Edition,Unfold Games,Feardemic,"Mar 25, 2021","Mar 25, 2021",,[14]
Dave the Diver,Mintrocket,Mintrocket,"Apr 16, 2024","Apr 16, 2024",,
Dauntless,Phoenix Labs,Epic Games,"Dec 2, 2021","Dec 2, 2021",,
Dawn of the Monsters,13AM Games,WayForward,"Mar 15, 2022","Mar 15, 2022",,[25]
Daymare: 1994 Sandcastle,Invader Studios,Leonardo Interactive,"Aug 30, 2023","Aug 30, 2023",,[26]
Days of Doom,SneakyBox,"Atari, Inc.","Sep 21, 2023","Sep 21, 2023",,
DC League of Super-Pets: The Adventures of Krypto and Ace,PHL Collective,Outright Games,"Sep 29, 2022","Sep 29, 2022",,
DC Universe Online,Dimensional Ink Games,Daybreak Game Company,TBA,TBA,,
Dead by Daylight,Behaviour Interactive,Behaviour Interactive,"Nov 12, 2020","Nov 12, 2020",CB CP,
Deadcraft,Marvelous First Studio,JP: MarvelousWW: Xseed Games,"May 19, 2022","May 19, 2022",,[27]
Dead Island 2,Dambuster Studios,Deep Silver,"Apr 21, 2023","Apr 21, 2023",,
Dead Space,Motive Studios,Electronic Arts,"Jan 27, 2023","Jan 27, 2023",,
Death's Door,Acid Nerve,Devolver Digital,"Nov 23, 2021","Nov 23, 2021",,
Death Stranding 2: On the Beach,Kojima Productions,Sony Interactive Entertainment,2025,2025,,
Death Stranding Director's Cut,Kojima Productions,Sony Interactive Entertainment,"Sep 24, 2021","Sep 24, 2021",,
Deathbound,Trialforge Studio,Tate Multimedia,2024,2024,,
Deathloop,Arkane Studios,Bethesda Softworks,"Sep 14, 2021","Sep 14, 2021",,
Deathverse: Let It Die,SuperTrick Games,GungHo Online Entertainment,"Sep 27, 2022","Sep 27, 2022",,
Deceive Inc.,Sweet Bandits Studios,Tripwire Interactive,"Mar 21, 2023","Mar 21, 2023",,[28]
Deep Rock Galactic,Ghost Ship Games,Coffee Stain Studios,"Jan 4, 2022","Jan 4, 2022",,
Deliver Us The Moon,KeokeN Interactive,Wired Productions,"Jun 23, 2022","Jun 23, 2022",CB,
Demon's Souls,Bluepoint GamesJapan Studio,Sony Interactive Entertainment,"Nov 12, 2020","Nov 12, 2020",,
Demon Slayer: Kimetsu no Yaiba – The Hinokami Chronicles,CyberConnect2,JP: AniplexWW: Sega,"Oct 14, 2021","Oct 15, 2021",,
Demon Turf,Fabraz,Playtonic Friends,"Nov 4, 2021","Nov 4, 2021",,[29]
Destiny 2,Bungie,Bungie,"Dec 8, 2020","Dec 8, 2020",CB CP,
Destroy All Humans! 2: Reprobed,Black Forest Games,THQ Nordic,"Aug 30, 2022","Aug 30, 2022",,[30]
Destruction AllStars,Lucid GamesWushu Studios,Sony Interactive Entertainment,"Feb 2, 2021","Feb 2, 2021",,
Devil May Cry 5: Special Edition,Capcom,Capcom,"Nov 12, 2020","Nov 12, 2020",,
Diablo II: Resurrected,Vicarious Visions,Blizzard Entertainment,"Sep 23, 2021","Sep 23, 2021",,
Diablo IV,Blizzard Team 3Blizzard Albany,Blizzard Entertainment,"Jun 6, 2023","Jun 6, 2023",,
Dinos Reborn,HardCodeWay,Vision Edge Entertainment,2025,2025,,
The Diofield Chronicle,Square EnixLancarse,Square Enix,"Sep 22, 2022","Sep 22, 2022",CB,
Dirt 5,Codemasters,Codemasters,"Nov 12, 2020","Nov 12, 2020",CB,
Disciples: Liberation,Frima Studio,Kalypso Media,"Oct 21, 2021","Oct 21, 2021",,
Disco Elysium: The Final Cut,ZA/UM,ZA/UM,"Mar 30, 2021","Mar 30, 2021",CB,
Disgaea 6: Defiance of Destiny,Nippon Ichi Software,Nippon Ichi Software,"Jun 16, 2022","Jun 28, 2022",,
Disgaea 7: Vows of the Virtueless,Nippon Ichi Software,Nippon Ichi Software,"Jan 26, 2023","Oct 3, 2023",,
Disney Dreamlight Valley,Gameloft Montreal,Gameloft,"Dec 5, 2023","Dec 5, 2023",CP,
Disney Speedstorm,Gameloft Barcelona,Gameloft,"Sep 28, 2023","Sep 28, 2023",CP,
Divine Knockout,Red Beard Games,Hi-Rez Studios,"Dec 6, 2022","Dec 6, 2022",CP,
DNF Duel,NeopleArc System WorksEighting,Nexon,"Jun 28, 2022","Jun 28, 2022",,[31]
Doctor Who: The Edge of Reality,Maze Theory,BBC StudiosJust Add Water,Unreleased,"Sep 30, 2021",,
Doki Doki Literature Club Plus!,Team Salvato,Serenity Forge,Unreleased,"Jun 30, 2021",,
Dolmen,Massive Work Studio,Prime Matter,"May 19, 2022","May 19, 2022",,
Doom Eternal,id Software,Bethesda Softworks,"Jun 29, 2021","Jun 29, 2021",CB,
Dragon Age: The Veilguard,BioWare,Electronic Arts,"Oct 31, 2024","Oct 31, 2024",,
Dragon Ball FighterZ,Arc System Works,Bandai Namco Entertainment,"Feb 28, 2024","Feb 28, 2024",,
Dragon Ball Z: Kakarot,CyberConnect2,Bandai Namco Entertainment,"Jan 12, 2023","Jan 13, 2023",,
Dragon Quest X Offline,Square Enix,Square Enix,"Feb 26, 2022",Unreleased,,
Dreaming Sarah,Asteristic Game Studio,Ratalaika Games,Unreleased,"Mar 5, 2021",CB,
Dungeons & Bombs,PigeonDev,Sometimes You,Unreleased,"Feb 26, 2021",,
Dungeons & Dragons: Dark Alliance,Tuque Games,Wizards of the Coast,"Jun 22, 2021","Jun 22, 2021",,
Dustborn,Red Thread Games,Red Thread Games,TBA,TBA,,[32]
Dying: 1983,Nekcom,2P Games,"Feb 17, 2022",TBA,,[33]
Dying Light 2: Stay Human,Techland,Techland Publishing,"Feb 4, 2022","Feb 4, 2022",,
Dynasty Warriors 9: Empires,Omega Force,Koei Tecmo,"Dec 23, 2021","Feb 15, 2022",,
Dysmantle,10tons,10tons,Unreleased,"Jan 19, 2022",CB,[34]
Earth Defense Force 6,Sandlot,D3 Publisher,"Aug 25, 2022",2024,,[35][36]
EA Sports FC 25,EA Vancouver,Electronic Arts,"Sep 27, 2024","Sep 27, 2024",,
EA Sports PGA Tour,EA Tiburon,Electronic Arts,"Mar 24, 2023","Mar 24, 2023",,
Edge of Eternity,Midgard Studio,Dear Villagers,"Aug 31, 2023","Feb 10, 2022",,
eFootball 2022,Konami,Konami,"Sep 30, 2021","Sep 30, 2021",CP,
Eiyuden Chronicle: Hundred Heroes,Rabbit & Bear Studios,505 Games,"Apr 23, 2024","Apr 23, 2024",,
Eiyuden Chronicle: Rising,Rabbit & Bear Studios,505 Games,"May 10, 2022","May 10, 2022",,[37]
ELEX II,Piranha Bytes,THQ Nordic,"Mar 1, 2022","Mar 1, 2022",,
Elden Ring,FromSoftware,Bandai Namco Entertainment,"Feb 25, 2022","Feb 25, 2022",CB,
The Elder Scrolls Online,ZeniMax Online Studios,Bethesda Softworks,"Jun 15, 2021","Jun 15, 2021",CB,
The Elder Scrolls V: Skyrim,Bethesda Game Studios,Bethesda Softworks,"Nov 11, 2021","Nov 11, 2021",CB,
Ender Lilies: Quietus of the Knights,Live WireAdglobe,Binary Haze Interactive,TBA,TBA,,
Enchanted Portals,Xixo Games Studio,Xixo Games Studio,"Sep 8, 2023","Sep 8, 2023",,[38]
Endless Dungeon,Amplitude Studios,Sega,"Oct 19, 2023","Oct 19, 2023",,[39]
Endling: Extinction is Forever,Herobeat Studios,HandyGames,Unreleased,"Nov 3, 2022",CB,
Enlisted,Darkflow Software,Gaijin Entertainment,"Mar 2, 2021","Mar 2, 2021",,
Escape from Life Inc,Sometimes You,Sometimes You,"Mar 30, 2021","Mar 30, 2021",,
Eternal,Asobimo,Asobimo,"Jul 19, 2021",Unreleased,,[40]
Earth Defense: World Brothers 2,Yuke's,D3 Publisher,"Sep 25, 2024","Sep 25, 2024",,
Ever Forward,Pathea Games,PM Studios,"Aug 10, 2021","Aug 10, 2021",,
Evergate,Stone Lantern Games,PQube,"Jun 4, 2021","Jun 4, 2021",,
Evil Dead: The Game,Saber Interactive,Boss Team Games,"May 13, 2022","May 13, 2022",CP,
Evil Genius 2: World Domination,Rebellion Developments,Rebellion Developments,Unreleased,"Nov 30, 2021",,
Evil West,Flying Wild Hog,Focus Home Interactive,"Nov 22, 2022","Nov 22, 2022",,[41]
Exophobia,Zarc Attack,PM Studios,Unreleased,"Oct 5, 2021",,
Exoprimal,Capcom,Capcom,"Jul 14, 2023","Jul 14, 2023",,
F1 2021,Codemasters,Electronic Arts,"Jul 16, 2021","Jul 16, 2021",,
F1 22,Codemasters,Electronic Arts,"Jul 1, 2022","Jul 1, 2022",,
F1 23,Codemasters,Electronic Arts,"Jun 16, 2023","Jun 16, 2023",,
F1 24,Codemasters,Electronic Arts,"May 31, 2024","May 31, 2024",,
F1 Manager 2022,Frontier Developments,Frontier Developments,"Aug 30, 2022","Aug 30, 2022",,
F1 Manager 2023,Frontier Developments,Frontier Developments,"Jul 31, 2023","Jul 31, 2023",,
F1 Manager 2024,Frontier Developments,Frontier Developments,"Jul 23, 2024","Jul 23, 2024",,
The Falconeer: Warrior Edition,Tomas Sala,Wired Productions,"Aug 5, 2021","Aug 5, 2021",,
Fall Guys,Mediatonic,Epic Games,"Jun 21, 2022","Jun 21, 2022",CP,
Fallout 4,Bethesda Game Studios,Bethesda Softworks,"Apr 25, 2024","Apr 25, 2024",,
Far Cry 6,Ubisoft Toronto,Ubisoft,"Oct 7, 2021","Oct 7, 2021",CB,
Farming Simulator 22,Giants Software,Giants Software,"Nov 24, 2021","Nov 22, 2021",,
Fatal Frame: Maiden of Black Water,Koei Tecmo,Koei Tecmo,"Oct 28, 2021","Oct 28, 2021",,
Fatal Frame: Mask of the Lunar Eclipse,Koei TecmoGrasshopper Manufacture,Koei Tecmo,"Mar 9, 2023","Mar 9, 2023",,
FC 24,EA Vancouver,Electronic Arts,"Sep 29, 2023","Sep 29, 2023",,
FIFA 21,EA Vancouver,Electronic Arts,"Dec 4, 2020","Dec 4, 2020",,
FIFA 22,EA Vancouver,Electronic Arts,"Oct 1, 2021","Oct 1, 2021",,
FIFA 23,EA Vancouver,Electronic Arts,"Sep 30, 2022","Sep 30, 2022",,
Final Fantasy VII Rebirth,Square Enix,Square Enix,"Feb 29, 2024","Feb 29, 2024",,
Final Fantasy VII Remake Intergrade,Square Enix,Square Enix,"Jun 10, 2021","Jun 10, 2021",CB,
Final Fantasy XIV,Square Enix,Square Enix,"May 25, 2021","May 25, 2021",CB CP,
Final Fantasy XVI,Square Enix,Square Enix,"Jun 22, 2023","Jun 22, 2023",,
Fire Commander,Atomix WolfPixel Crow,Movie Games,TBA,TBA,,
The First Berserker: Khazan,Neople,NexonNexon America Inc.,2024,2024,,
First Class Trouble,Invisible Walls,Versus Evil,"Nov 2, 2021","Nov 2, 2021",,
F.I.S.T.: Forged In Shadow Torch,TiGames,Bilibili,"Sep 7, 2021","Sep 7, 2021",,
Five Nights at Freddy's: Security Breach,Steel Wool Studios,ScottGames,"Dec 16, 2021","Dec 16, 2021",,
Flea Madness,Missset,Crytivo Games,TBA,TBA,,[14]
Flipper Mechanic,SimFabric,SimFabric,TBA,TBA,,[42]
Foamstars,Square Enix,Square Enix,"Feb 6, 2024","Feb 6, 2024",,[43]
Fobia: St. Dinfna Hotel,Pulsatrix Studios,Maximum Games,"Jun 28, 2022","Jun 28, 2022",,[44]
Football Manager 2023,Sports Interactive,Sega,"Feb 1, 2023","Feb 1, 2023",,
Foreclosed,Antab,Merge Games,"Aug 12, 2021","Aug 12, 2021",,
Forspoken,Luminous Productions,Square Enix,"Jan 24, 2023","Jan 24, 2023",,
Fortnite,Epic Games,Epic Games,"Nov 12, 2020","Nov 12, 2020",CP,
Freddy Spaghetti,Playful Pasta,Ratalaika Games,Unreleased,"Dec 16, 2020",CB,
Freedom Planet 2,GalaxyTrail,GalaxyTrail,"Apr 4, 2024","Apr 4, 2024",,
Fuga: Melodies of Steel,CyberConnect2,CyberConnect2,"Jul 29, 2021","Jul 29, 2021",,
Fuga: Melodies of Steel 2,CyberConnect2,CyberConnect2,"May 11, 2023","May 11, 2023",,
Funko Fusion,10:10 Games,10:10 Games,"Sep 13, 2024","Sep 13, 2024",,
Galacticare,Brightrock Games,Cult Games,"May 23, 2024","May 23, 2024",,[45]
Garten of Banban,Euphoric Brothers,Feardemic,"May 30, 2024","May 30, 2024",,
Garten of Banban II,Euphoric Brothers,Feardemic,"May 30, 2024","May 30, 2024",,
Garten of Banban III,Euphoric Brothers,Feardemic,"May 30, 2024","May 30, 2024",,
Garten of Banban IV,Euphoric Brothers,Feardemic,"May 30, 2024","May 30, 2024",,
Genshin Impact,miHoYo,miHoYo,"Apr 28, 2021","Apr 28, 2021",,
Ghost of Tsushima Director's Cut,Sucker Punch Productions,Sony Interactive Entertainment,"Aug 20, 2021","Aug 20, 2021",,
Ghost of Tsushima: Legends,Sucker Punch Productions,Sony Interactive Entertainment,"Sep 3, 2021","Sep 3, 2021",,
Ghostrunner,One More Level,All in! Games505 Games,"Sep 28, 2021","Sep 28, 2021",CB,
Ghostrunner 2,One More Level,505 Games,"Oct 26, 2023","Oct 26, 2023",,
Ghostwire: Tokyo,Tango Gameworks,Bethesda Softworks,"Mar 25, 2022","Mar 25, 2022",,
Godfall,Counterplay Games,Gearbox Publishing,"Nov 12, 2020","Nov 12, 2020",CB,
God of War Ragnarök,Santa Monica Studio,Sony Interactive Entertainment,"Nov 9, 2022","Nov 9, 2022",,
Goals,Goals AB,Goals AB,TBA,TBA,,
Goonya Fighter: Purupuru Shokkan Edition,Mutan,Mutan,"Nov 12, 2020","Nov 12, 2020",,[46]
Goodbye Volcano High,KO_OP,KO_OP,"Aug 29, 2023","Aug 29, 2023",,
Gotham Knights,WB Games Montréal,WB Games,"Oct 25, 2022","Oct 25, 2022",,
Gothic Remake,THQ Nordic Barcelona,THQ Nordic,"Oct 25, 2023","Oct 25, 2023",,
Gran Turismo 7,Polyphony Digital,Sony Interactive Entertainment,"Mar 4, 2022","Mar 4, 2022",,
Granblue Fantasy: Relink,Cygames,Cygames,"Jan 28, 2024","Jan 28, 2024",,
Granblue Fantasy Versus: Rising,Arc System Works,Cygames,"Dec 14, 2023","Dec 14, 2023",,[47]
Grand Theft Auto Online,Rockstar North,Rockstar Games,"Mar 15, 2022","Mar 15, 2022",,
Grand Theft Auto: The Trilogy – The Definitive Edition,Grove Street Games,Rockstar Games,"Nov 11, 2021","Nov 11, 2021",,
Grand Theft Auto V,Rockstar North,Rockstar Games,"Mar 15, 2022","Mar 15, 2022",,
Grand Theft Auto VI,Rockstar North,Rockstar Games,Q3/Q4 2025,Q3/Q4 2025,,
Graven,Slipgate Ironworks,3D Realms1C Entertainment,2024,2024,,
GraviFire,Potata Company,Sometimes You,Unreleased,"Mar 3, 2021",,
GreedFall,Spiders,Focus Home Interactive,"Jun 30, 2021","Jun 30, 2021",,
Grid Legends,Codemasters,Electronic Arts,"Feb 25, 2022","Feb 25, 2022",,
Grounded,Obsidian Entertainment,Xbox Game Studios,"Apr 16, 2024","Apr 16, 2024",,
Marvel's Guardians of the Galaxy,Eidos-Montréal,Square Enix,"Oct 26, 2021","Oct 26, 2021",,
Guilty Gear Strive,Arc System Works,Arc System Works,"Jun 11, 2021","Jun 11, 2021",CB,
Gungrave G.O.R.E.,Iggymob,Prime Matter,"Nov 22, 2022","Nov 22, 2022",,[48]
Gunvolt Chronicles Luminous Avenger iX 2,Inti Creates,Inti Creates,"Jan 27, 2022","Jan 27, 2022",,[49]
Hades,Supergiant Games,Supergiant Games,"Aug 13, 2021","Aug 13, 2021",,
Haunted Space,Italian Games Factory,Merge Games,TBA,TBA,,
Haven,The Game Bakers,The Game Bakers,"Dec 3, 2020","Dec 3, 2020",,
Heavenly Bodies,2pt Interactive,2pt Interactive,"Dec 7, 2021","Dec 7, 2021",,[32]
Helldivers II,Arrowhead Game Studios,Sony Interactive Entertainment,"Feb 8, 2024","Feb 8, 2024",,
Hell is Us,Rogue Factor,Nacon,2025,2025,,
Hell Let Loose,Black Matter,Team17,"Oct 5, 2021","Oct 5, 2021",,
Hellpoint,Cradle Games,TinyBuild,"Jul 12, 2022","Jul 12, 2022",CB,
Hello Neighbor 2,Eerie Guest,TinyBuild,"Dec 6, 2022","Dec 6, 2022",,
Hi-Fi Rush,Tango Gameworks,Bethesda Softworks,"Mar 18, 2024","Mar 18, 2024",,
Hitman 3,IO Interactive,IO Interactive,"Aug 25, 2021","Jan 20, 2021",CB [b],
Hogwarts Legacy,Avalanche Software,Portkey Games,"Feb 10, 2023","Feb 10, 2023",,
Hood: Outlaws & Legends,Sumo Digital,Focus Home Interactive,"May 10, 2021","May 10, 2021",,
Horizon Forbidden West,Guerrilla Games,Sony Interactive Entertainment,"Feb 18, 2022","Feb 18, 2022",CB,
Hot Wheels Unleashed,Milestone,Milestone,"Sep 30, 2021","Sep 30, 2021",,
Hot Wheels Unleashed 2: Turbocharged,Milestone,Milestone,"Oct 19, 2023","Oct 19, 2023",,
Hotel Life: A Resort Simulator,RingZero Game Studio,Nacon,"Aug 26, 2021","Aug 26, 2021",,
Hunter's Arena: Legends,Mantisco,Mantisco,"Aug 3, 2021","Aug 3, 2021",,
Human: Fall Flat,No Brakes Games,Curve Digital,Unreleased,"Jun 24, 2021",,
I Am Dead,Hollow Ponds,Annapurna Interactive,"Aug 9, 2021","Aug 9, 2021",,
Immortals Fenyx Rising,Ubisoft Quebec,Ubisoft,"Dec 3, 2020","Dec 3, 2020",CB,
Infliction: Extended Cut,Caustic Reality,Blowfish Studios,Unreleased,"Dec 22, 2020",,[50]
In Rays of the Light,Sergey Noskov,Sometimes You,Unreleased,"Mar 17, 2021",,
In Sound Mind,We Create Stuff,Modus Games,Unreleased,"Sep 28, 2021",,
Insurgency: Sandstorm,New World Interactive,Focus Home Entertainment,"Jan 30, 2024","Jan 30, 2024",,
Iron Harvest,King Art Games,Deep Silver,"Oct 26, 2021","Oct 26, 2021",,
It Takes Two,Hazelight Studios,Electronic Arts,"Mar 26, 2021","Mar 26, 2021",,
Jett: The Far Shore,SuperbrothersPine Scented,Superbrothers,"Oct 5, 2021","Oct 5, 2021",,[32]
JoJo's Bizarre Adventure: All Star Battle R,CyberConnect2,Bandai Namco Entertainment,"Sep 1, 2022","Sep 2, 2022",,
Journey to the Savage Planet,Raccoon Logic,505 Games,"Feb 14, 2023","Feb 14, 2023",,
Judgment,Ryu Ga Gotoku Studio,Sega,"Apr 23, 2021","Apr 23, 2021",,
A Juggler's Tale,Kaleidoscube,Mixtvision Games,Unreleased,"Sep 29, 2021",,[51]
Jump Challenge!,Source Byte,Source Byte,"Nov 18, 2022","Nov 18, 2022",,
Jurassic World Evolution 2,Frontier Developments,Frontier Developments,"Nov 9, 2021","Nov 9, 2021",,
Just Dance 2021,Ubisoft Paris,Ubisoft,"Nov 24, 2020","Nov 24, 2020",CB,
Just Dance 2022,Ubisoft Paris,Ubisoft,"Nov 4, 2021","Nov 4, 2021",CB,
Just Dance 2023 Edition,Ubisoft Paris,Ubisoft,"Nov 22, 2022","Nov 22, 2022",,
Just Dance 2024 Edition,Ubisoft Paris,Ubisoft,"Oct 24, 2023","Oct 24, 2023",,
Jydge,10tons,10tons,Unreleased,"Nov 19, 2020",CB,
Kao the Kangaroo,Tate Multimedia,Tate Multimedia,Unreleased,"May 27, 2022",,
Kena: Bridge of Spirits,Ember Lab,Ember Lab,"Sep 21, 2021","Sep 21, 2021",CB,
Kerbal Space Program 2,Intercept Games,Private Division,TBA,TBA,,
Kerbal Space Program: Enhanced Edition,Squad,Private Division,Unreleased,"Sep 24, 2021",CB,
KeyWe,Stonewheat & Sons,Sold Out,"Aug 31, 2021","Aug 31, 2021",,[52]
King Arthur: Knight's Tale,NeocoreGames,NeocoreGames,TBA,TBA,,[53]
Killer Klowns from Outer Space: The Game,IllFonic Teravision Games,IllFonic,Unreleased,"Jun 4, 2024",,
King Oddball,10tons,10tons,Unreleased,"Nov 12, 2020",CB,[54]
The King of Fighters XV,SNK,SNK,"Feb 17, 2022","Feb 17, 2022",,
Kingdom of Arcadia,Spoonbox Studio,EastAsiaSoft,Unreleased,"Apr 14, 2021",,
Kitaria Fables,Twin Hearts,PQube,Unreleased,"Sep 2, 2021",CB,
Klonoa Phantasy Reverie Series,Monkey Craft,Bandai Namco Entertainment,"Jul 7, 2022","Jul 7, 2022",,
Knives Out: Extreme,NetEase,NetEase,TBA,TBA,,[55]
Knockout City,Velan Studios,Electronic Arts,"May 20, 2021","May 20, 2021",,
The Last of Us Part I,Naughty Dog,Sony Interactive Entertainment,"Sep 2, 2022","Sep 2, 2022",,
The Last of Us Part II Remastered,Naughty Dog,Sony Interactive Entertainment,"Jan 19, 2024","Jan 19, 2024",,
The Last Stand: Aftermath,Con Artist Games,Armor Games Studios,"Nov 16, 2021","Nov 16, 2021",,
Last Stop,Variable State,Annapurna Interactive,"Jul 22, 2021","Jul 22, 2021",,
The Last Worker,OiffyWolf & Wood,Wired Productions,"Mar 30, 2023","Mar 30, 2023",,[56]
The Legend of Heroes: Kai no Kiseki,Nihon Falcom,Nihon Falcom,"Sep 26, 2024",TBA,,[57]
The Legend of Heroes: Trails into Reverie,Nihon Falcom,NIS America,TBA,"Jul 7, 2023",,[58]
The Legend of Heroes: Trails Through Daybreak,Nihon Falcom,NIS America,"Jul 28, 2022","Jul 5, 2024",,
The Legend of Heroes: Trails Through Daybreak II,Nihon Falcom,Nihon Falcom,"Sep 29, 2022",TBA,,[59]
Lego Star Wars: The Skywalker Saga,Traveller's Tales,WB Games,"Apr 5, 2022","Apr 5, 2022",,
Lemnis Gate,Ratloop Games Canada,Frontier Foundry,"Sep 28, 2021","Sep 28, 2021",,
Lies of P,Round 8 Studio,Neowiz,"Sep 19, 2023","Sep 19, 2023",,[60]
Life Is Strange Remastered Collection,Don't NodDeck Nine,Square Enix,Unreleased,"Feb 1, 2022",,
Life Is Strange: True Colors,Deck Nine,Square Enix,"Sep 10, 2021","Sep 10, 2021",,
Like a Dragon: Infinite Wealth,Ryu Ga Gotoku Studio,Sega,"Jan 26, 2024","Jan 26, 2024",,
Like a Dragon Gaiden: The Man Who Erased His Name,Ryu Ga Gotoku Studio,Sega,"Nov 9, 2023","Nov 9, 2023",,
Like a Dragon: Ishin!,Ryu Ga Gotoku Studio,Sega,"Feb 22, 2023","Feb 21, 2023",,
Lil' Guardsman,Hilltop Studios,Versus EviltinyBuild Inc.,Unreleased,"Jan 23, 2024",,
Lineage W,NCSoft,NCsoft,TBA,TBA,CP,
Lisa: Definitive Edition,Dingaling Productions,Serenity Forge,Unreleased,"Jul 18, 2023",,
Little Devil Inside,Neostream Interactive,Neostream Interactive,TBA,TBA,,
Little Nightmares II,Tarsier Studios,Bandai Namco Entertainment,"Aug 25, 2021","Aug 25, 2021",CB,
The Lord of the Rings: Gollum,Daedalic Entertainment,Daedalic Entertainment,"May 25, 2023","May 25, 2023",,
Lords of the Fallen Remake,Hexworks,CI Games,"Oct 13, 2023","Oct 13, 2023",,[61]
Lost in Random,Zoink,Electronic Arts,"Sep 10, 2021","Sep 10, 2021",,
Lost Judgment,Ryu Ga Gotoku Studio,Sega,"Sep 24, 2021","Sep 24, 2021",CB,
Lost Soul Aside,Ultizero Games,Ultizero Games,2024,2024,,
Madden NFL 21,EA Tiburon,Electronic Arts,"Dec 4, 2020","Dec 4, 2020",CB,
Madden NFL 22,EA Tiburon,Electronic Arts,"Aug 20, 2021","Aug 20, 2021",,
Madden NFL 23,EA Tiburon,Electronic Arts,"Aug 19, 2022","Aug 19, 2022",,
Madden NFL 24,EA Tiburon,EA Sports,"Aug 18, 2023","Aug 18, 2023",,
Madden NFL 25,EA Tiburon,EA Sports,"Aug 16, 2024","Aug 16, 2024",,
Maid of Sker,Wales Interactive,Wales Interactive,Unreleased,"May 26, 2021",,
The Making of Karateka,Digital Eclipse,Digital Eclipse,"Aug 29, 2023","Aug 29, 2023",,[62][63]
Maneater,Tripwire InteractiveBlindside Interactive,Tripwire Interactive,"Dec 16, 2020","Nov 12, 2020",CB,
Manifold Garden,William Chyr Studio,William Chyr Studio,"May 20, 2021","May 20, 2021",CB,
Maquette,Graceful Decay,Annapurna Interactive,"Mar 2, 2021","Mar 2, 2021",,
Martha Is Dead,LKA,Wired Productions,"Feb 24, 2022","Feb 24, 2022",,[64]
Matchpoint: Tennis Championships,Torus Games,Kalypso Media,"Jun 6, 2022","Jun 6, 2022",,[65]
Untitled Max Payne Remake,Remedy Entertainment,Rockstar Games,TBA,TBA,,
MechWarrior 5: Mercenaries,Piranha Games,Piranha Games,"Sep 23, 2021","Sep 23, 2021",,
The Medium,Bloober Team,Bloober Team,Unreleased,"Sep 3, 2021",,
Megaton Musashi,Level-5,Level-5,TBA,Unreleased,,[66]
A Memoir Blue,Cloisters Interactive,Annapurna Interactive,"Mar 24, 2022","Mar 24, 2022",,
Metal: Hellsinger,The Outriders,Funcom,"Sep 15, 2022","Sep 15, 2022",,[64][67]
Metallic Child,Studio HG,Crest,TBA,TBA,,[68]
Metro Exodus Complete Edition,4A Games,Deep Silver,"Jun 18, 2021","Jun 18, 2021",CB,
MicroMan,Glob Games Studios,Glob Games Studios,TBA,TBA,,[53]
Marvel's Midnight Suns,Firaxis Games,2K,"Dec 2, 2022","Dec 2, 2022",,
MLB The Show 21,San Diego Studio,Sony Interactive Entertainment,"Apr 20, 2021","Apr 20, 2021",CP,
MLB The Show 22,San Diego Studio,Sony Interactive Entertainment,"Apr 5, 2022","Apr 5, 2022",CP,
MLB The Show 23,San Diego Studio,Sony Interactive Entertainment,"Mar 28, 2023","Mar 28, 2023",CP,
MLB The Show 24,San Diego Studio,Sony Interactive Entertainment,"Mar 19, 2024","Mar 19, 2024",CP,
Mobile Suit Gundam: Battle Operation 2,Bandai Namco Studios,Bandai Namco Entertainment,"Jan 28, 2021","Jan 28, 2021",,
Mobile Suit Gundam: Battle Operation Code Fairy Volume 1,Bandai Namco Studios,Bandai Namco Entertainment,"Nov 5, 2021","Nov 5, 2021",,[69][70]
Mobile Suit Gundam: Battle Operation Code Fairy Volume 2,Bandai Namco Studios,Bandai Namco Entertainment,"Nov 19, 2021","Nov 19, 2021",,[70]
Mobile Suit Gundam: Battle Operation Code Fairy Volume 3,Bandai Namco Studios,Bandai Namco Entertainment,"Dec 3, 2021","Dec 3, 2021",,[70]
Monark,Lancarse,JP: FuRyuWW: NIS America,"Oct 14, 2021","Feb 22, 2022",,[71]
Monopoly Madness,Engine Software,Ubisoft,"Dec 9, 2021","Dec 9, 2021",,
Monster Boy and the Cursed Kingdom,Game Atelier,FDG Entertainment,"Dec 2, 2021","Dec 2, 2021",CB,
Monster Energy Supercross: The Official Videogame 4,Milestone,Milestone,"Mar 11, 2021","Mar 11, 2021",,
Monster Hunter Rise,Capcom,Capcom,"Jan 20, 2023","Jan 20, 2023",,
Monster Truck Championship,Maximum Games,Maximum Games,Unreleased,"Mar 16, 2021",,
Mortal Kombat 1,NetherRealm Studios,WB Games,Unreleased,"Sep 19, 2023",,
Mortal Kombat 11,NetherRealm Studios,WB Games,Unreleased,"Nov 17, 2020",CB CP,
Mortal Shell: Enhanced Edition,Cold Symmetry,Playstack,"May 20, 2021","Mar 4, 2021",,
MotoGP 21,Milestone,Milestone,"May 12, 2021","Apr 22, 2021",,
Mr. Driller Drill Land,Bandai Namco Entertainment,Bandai Namco Entertainment,"Nov 4, 2021","Nov 4, 2021",,[72]
MultiVersus,Player First Games,WB Games,Unreleased,"Jul 26, 2022",CP,
Mundaun,Hidden Fields,MVM Interactive,"Mar 16, 2021","Mar 16, 2021",,
MXGP 2020,Milestone,Milestone,"Jan 14, 2021","Jan 14, 2021",,
MX vs. ATV Legends,Rainbow Studios,THQ Nordic,"Jun 28, 2022","Jun 28, 2022",,
My Time at Sandrock,Pathea Games,Pathea Games,"Sep 26, 2023","Sep 26, 2023",,
Naruto x Boruto: Ultimate Ninja Storm Connections,CyberConnect2,Bandai Namco Entertainment,"Nov 17, 2023","Nov 17, 2023",,
NBA 2K21,Visual Concepts,2K Sports,"Nov 12, 2020","Nov 12, 2020",,
NBA 2K22,Visual Concepts,2K Sports,"Sep 10, 2021","Sep 10, 2021",,
NBA 2K23,Visual Concepts,2K Sports,"Sep 9, 2022","Sep 9, 2022",,
NBA 2K24,Visual Concepts,2K Sports,"Sep 8, 2023","Sep 8, 2023",,
NBA 2K25,Visual Concepts,2K Sports,"Sep 6, 2024","Sep 6, 2024",,
Need for Speed Unbound,Criterion Games,Electronic Arts,"Dec 2, 2022","Dec 2, 2022",CB,
Necromunda: Hired Gun,Streum On Studio,Focus Home Interactive,"Jun 1, 2021","Jun 1, 2021",,
Neptunia re★Verse,Compile Heart,Compile Heart,"Dec 17, 2020","Jun 8, 2021",,
Neptunia Shooter,Idea Factory International,Idea Factory,"Dec 17, 2020","Jun 8, 2021",,
Neptunia: Sisters vs Sisters,Compile Heart,Idea Factory,"Apr 21, 2022","Jan 24, 2023",,
Neon Bash,Aristo Studio,Aristo Studio,"May 24, 2024","May 24, 2024",,
Nerf Legends,Fun Labs,NA: GameMill EntertainmentEU: Maximum GamesFRA: Just For Games,Unreleased,"Nov 19, 2021",,[73]
Nexomon,Vewo Interactive,PQube,"Sep 17, 2021","Sep 17, 2021",,[74]
NHL 22,EA Vancouver,Electronic Arts,"Oct 15, 2021","Oct 15, 2021",,[75]
NHL 23,EA Vancouver,Electronic Arts,"Oct 14, 2022","Oct 14, 2022",,
NHL 24,EA Vancouver,Electronic Arts,"Oct 13, 2023","Oct 13, 2023",,
Nickelodeon All-Star Brawl,Fair Play LabsLudosity,NA: GameMill EntertainmentEU: Maximum GamesFRA: Just For Games,"Nov 24, 2022","Oct 5, 2021",,
Nickelodeon All-Star Brawl 2,Fair Play Labs,NA: GameMill EntertainmentEU: Maximum Games,Unreleased,"Nov 7, 2023",,
Nickelodeon Kart Racers 3: Slime Speedway,Bamtang Games,NA: GameMill EntertainmentEU: Maximum Games,Unreleased,"Oct 7, 2022",,
Nioh Remastered,Team Ninja,Sony Interactive EntertainmentKoei Tecmo,"Feb 5, 2021","Feb 5, 2021",,
Nioh 2 Remastered,Team Ninja,Sony Interactive EntertainmentKoei Tecmo,"Feb 5, 2021","Feb 5, 2021",CB,
Nobody Saves the World,Drinkbox Studios,Drinkbox Studios,"Apr 14, 2022","Apr 14, 2022",,
No Man's Sky,Hello Games,Hello Games,"Nov 12, 2020","Nov 12, 2020",CB CP,
No More Heroes III,Grasshopper Manufacture,Marvelous,"Oct 10, 2022","Oct 10, 2022",,
Nour: Play With Your Food,Terrifying Jellyfish,Panic,"Sep 12, 2023","Sep 12, 2023",,[53]
Observer: System Redux,Bloober Team,Aspyr,"Nov 12, 2020","Nov 12, 2020",,
Octopath Traveler II,AcquireSquare Enix,Square Enix,"Feb 24, 2023","Feb 24, 2023",,
Oddworld: Soulstorm,Oddworld Inhabitants,Oddworld Inhabitants,"Apr 6, 2021","Apr 6, 2021",,
OlliOlli World,Roll7,Private Division,"Feb 8, 2022","Feb 8, 2022",,
One Piece Odyssey,ILCA,Bandai Namco Entertainment,"Jan 12, 2023","Jan 13, 2023",,[76]
Open Roads,Fullbright,Annapurna Interactive,"Mar 28, 2024","Mar 28, 2024",,
Operation: Tango,Clever Plays,Clever Plays,"Jun 1, 2021","Jun 1, 2021",,
Orcs Must Die! 3,Robot Entertainment,Robot Entertainment,"Jul 23, 2021","Jul 23, 2021",,
Outbreak,Dead Drop Studios,Dead Drop Studios,Unreleased,"Jan 14, 2021",,
Outbreak: Epidemic,Dead Drop Studios,Dead Drop Studios,Unreleased,"Dec 24, 2020",,
Outbreak: Lost Hope,Dead Drop Studios,Dead Drop Studios,Unreleased,"Jan 7, 2021",,
Outbreak: The New Nightmare,Dead Drop Studios,Dead Drop Studios,Unreleased,"Dec 17, 2020",,
Outbreak: The Nightmare Chronicles,Dead Drop Studios,Dead Drop Studios,Unreleased,"Dec 31, 2020",,
Outcast 2: A New Beginning,Appeal,THQ Nordic,"Feb 5, 2024","Feb 5, 2024",,[77]
The Outlast Trials,Red Barrels,Red Barrels,Unreleased,"Mar 5, 2024",,
Outriders,People Can Fly,Square Enix,"Apr 1, 2021","Apr 1, 2021",CB CP,
Overcooked! All You Can Eat,Ghost Town GamesTeam17,Team17,"Nov 12, 2020","Nov 12, 2020",CP,
Override 2: Super Mech League,Modus Studios Brazil,Modus Games,"Dec 22, 2020","Dec 22, 2020",CB,
Oxenfree II: Lost Signals,Night School Studio,MWM Interactive,"Jul 12, 2023","Jul 12, 2023",,
Paper Beast: Enhanced Edition,Pixel Reef,Plug In Digital,"Sep 27, 2023","Sep 27, 2023",,
Pac-Man Mega Tunnel Battle: Chomp Champs,Amber Studio,Bandai Namco Entertainment,2024,2024,,
PAC-MAN World Re-Pac,Now ProductionBNE LLCNamco Hometek Inc.,Namco Bandai GamesBNE LLC,"Aug 25, 2022","Aug 25, 2022",,
Paleo Pines,Italic Pig,Modus Games,"Sep 26, 2023","Sep 26, 2023",,
Panda Hero Remastered,Markt & Technik,Markt & Technik,Unreleased,"Jan 22, 2021",,
PAW Patrol World,3DClouds,Outright Games,"Sep 29, 2023","Sep 29, 2023",,
Paperman: Adventure Delivered,Secret Item Games,Mindscape,"Sep 21, 2023","Sep 21, 2023",,
Payday 3,Starbreeze Studios,Deep Silver,Unreleased,"Sep 21, 2023",,
Paradise Lost,PolyAmorous,All in! Games,TBA,TBA,,[32]
Park Beyond,Limbic Entertainment,Bandai Namco Entertainment,"Jun 16, 2023","Jun 16, 2023",,[78]
Pinball M,Zen Studios,Zen Studios,TBA,TBA,,
Party Crasher Simulator,Glob Games Studio,Glob Games Studio,TBA,TBA,,[14]
The Pathless,Giant Squid,Annapurna Interactive,"Nov 12, 2020","Nov 12, 2020",CB,
The Pedestrian,Skookum Arts,Skookum Arts,"Jan 28, 2021","Jan 29, 2021",,
Pentiment,Obsidian Entertainment,Xbox Game Studios,"Feb 22, 2024","Feb 22, 2024",,
The Persistence Enhanced,Firesprite,Perp Games,Unreleased,"Jun 4, 2021",CB,
Persona 3 Reload,P-Studio,Sega,"Feb 2, 2024","Feb 2, 2024",,
Persona 5 Royal,Atlus,Sega,"Oct 21, 2022","Oct 21, 2022",,
Persona 5 Tactica,P-Studio,Sega,"Nov 17, 2023","Nov 17, 2023",,
PGA Tour 2K23,HB Studios,2K,"Oct 14, 2022","Oct 14, 2022",,
Ping Redux,Nami Tentou,Nami Tentou,Unreleased,"Feb 25, 2021",,
A Plague Tale: Innocence,Asobo Studio,Focus Home Interactive,"Jul 6, 2021","Jul 6, 2021",,
A Plague Tale: Requiem,Asobo Studio,Focus Home Interactive,"Oct 17, 2022","Oct 17, 2022",,
Planet Coaster: Console Edition,Frontier Developments,Frontier Developments,"Nov 12, 2020","Nov 12, 2020",CB,
Planet Zoo: Console Edition,Frontier Developments,Frontier Developments,"Mar 26, 2024","Mar 26, 2024",,
Plumbers Don't Wear Ties,United Pixtures,Limited Run Games,"Sep 22, 2023","Sep 22, 2023",,
Poker Club,Ripstone,Ripstone,Unreleased,"Nov 20, 2020",CB CP,[32]
Poopy Time,Nostra Games LTD,Nostra Games LTD,"Jun 19, 2024","Jun 19, 2024",,
Port Royale 4,Gaming Minds Studios,Kalypso Media,"Sep 10, 2021","Sep 10, 2021",,
Professional Baseball Spirits 2024-2025,Konami,Pawapuro Production,"Sep 18, 2024",Unreleased,,
PPA Pickball Tour 2025,FarSight Studios,FarSight Technologies,Unreleased,"Jul 16, 2024",,
Praey for the Gods,No Matter Studios,No Matter Studios,"Dec 14, 2021","Dec 14, 2021",CB,
Pragmata,Capcom,Capcom,2026,2026,,
Psikyo Shooting Collection,Zerodiv,City Connection,TBA,TBA,,
Pumpkin Jack,Nicolas Meyssonnier,Headup Games,TBA,"Oct 27, 2021",,[79]
Puyo Puyo Tetris 2,Sonic Team,Sega,"Dec 10, 2020","Dec 8, 2020",CB,
Puzzle Bobble 3D: Vacation Odyssey,ININ Games,Taito Corporation,"Oct 7, 2021","Oct 5, 2021",,
Quake,id SoftwareNightdive Studios,Bethesda Softworks,"Oct 12, 2021","Oct 12, 2021",CB,
Quantum Error,TeamKill Media,TeamKill Media,"Nov 3, 2023","Nov 3, 2023",,[32]
R-Type Final 3 Evolved,Granzella,JP: GranzellaWW: NIS America,"Mar 23, 2023","Apr 25, 2023",,[80][81]
Ratchet & Clank: Rift Apart,Insomniac Games,Sony Interactive Entertainment,"Jun 11, 2021","Jun 11, 2021",,
Rage of the Dragons,Noise Factory,Piko Interactive,TBA,TBA,,
Read Only Memories: Neurodiver,MidBoss,MidBoss,2024,2024,,
Record of Lodoss War: Deedlit in Wonder Labyrinth,Team LadybugWhy So Serious?,Playism,"Dec 16, 2021","Dec 16, 2021",,[82]
Recompile,Phigames,Phigames,"Aug 19, 2021","Aug 19, 2021",,[32]
Redout 2,Saber Interactive,34BigThings,"Jun 16, 2022","Jun 16, 2022",,
Relayer,Kadokawa Games,JP: Kadokawa GamesWW: Clouded Leopard Entertainment,"Mar 24, 2022","Mar 24, 2022",CB,[83]
Remnant 2,Gunfire Games,Gearbox Publishing San Francisco,"Jul 25, 2023","Jul 25, 2023",,
Renzo Racer,EnsenaSoft,Joindots,Unreleased,"Jan 25, 2021",,
Resident Evil 2,Capcom,Capcom,"Jun 14, 2022","Jun 13, 2022",CB,
Resident Evil 3,Capcom,Capcom,"Jun 14, 2022","Jun 13, 2022",CB,
Resident Evil 4,Capcom,Capcom,"Mar 24, 2023","Mar 24, 2023",,
Resident Evil 7: Biohazard,Capcom,Capcom,"Jun 14, 2022","Jun 13, 2022",CB,
Resident Evil Village,Capcom,Capcom,"May 7, 2021","May 7, 2021",CB,
Returnal,Housemarque,Sony Interactive Entertainment,"Apr 30, 2021","Apr 30, 2021",,
Ride 4,Milestone,Milestone,"Jan 21, 2021","Jan 21, 2021",CB,
Ride 5,Milestone,Milestone,"Aug 24, 2023","Aug 24, 2023",,
Riders Republic,Ubisoft Annecy,Ubisoft,"Oct 28, 2021","Oct 28, 2021",CB,
The Riftbreaker,EXOR Studios,EXOR Studios,"Oct 13, 2021","Oct 14, 2021",,
RiMS Racing,RaceWard Studio,Nacon,"Aug 19, 2021","Aug 19, 2021",,
Rise of the Ronin,Team Ninja,Sony Interactive Entertainment,"Mar 22, 2024","Mar 22, 2024",,[84]
Rise of the Slime,Bunkovsky Games,Playstack,Unreleased,"May 28, 2021",,
River City Girls,WayForward,Arc System Works,"Jan 18, 2022","Jan 18, 2022",,
River City Girls 2,WayForward,Arc System Works,"Dec 1, 2022","Dec 15, 2022",,[85]
RoboCop: Rogue City,Teyon,Nacon,"Nov 2, 2023","Nov 2, 2023",,
Rogue Company,First Watch Games,Hi-Rez Studios,"Mar 30, 2021","Mar 30, 2021",,
Romancelvania: BATchelor's Curse,Deep End Games,Deep End Games,Unreleased,"Mar 7, 2023",,[86]
Roots of Pacha,Soda Den,Crytivo,"Nov 28, 2023","Nov 28, 2023",,[64]
Rugby 22,Eko Software,Nacon,"Jan 27, 2022","Jan 27, 2022",,
Ruined King: A League of Legends Story,Airship Syndicate,Riot Forge,"Nov 16, 2021","Nov 16, 2021",,
Ruinverse,Exe Create,Kemco,"Mar 31, 2021","Apr 1, 2021",CB,
The Rumble Fish 2,Dimps,3goo,"Dec 8, 2022","Dec 8, 2022",,
RWBY: Arrowfell,WayForward,Arc System Works,"Nov 15, 2022","Nov 15, 2022",,
Sackboy: A Big Adventure,Sumo Digital,Sony Interactive Entertainment,"Nov 12, 2020","Nov 12, 2020",CB CP,
Saints Row,Volition,Deep Silver,"Aug 23, 2022","Aug 23, 2022",,
Saints Row: The Third Remastered,Volition,Deep Silver,"May 25, 2021","May 25, 2021",CB,
Salt and Sacrifice,Ska Studios,Ska Studios,"May 10, 2022","May 10, 2022",,
Sakura Succubus,Winged Cloud,Gamuzumi,"Apr 4, 2021","Apr 4, 2021",,
Sakura Succubus II,Winged Cloud,Gamuzumi,"May 19, 2021","May 19, 2021",,
Sakura Succubus III,Winged Cloud,Gamuzumi,"Jun 23, 2021","Jun 23, 2021",,
Sakura Succubus IV,Winged Cloud,Gamuzumi,"Mar 1, 2022","Mar 1, 2022",,
Sakura Succubus V,Winged Cloud,Gamuzumi,"Apr 4, 2022","Apr 4, 2022",,
Sakura Succubus VI,Winged Cloud,Gamuzumi,"Jul 11, 2022","Jul 11, 2022",,
Sakura Succubus VII,Winged Cloud,Gamuzumi,"Feb 28, 2024","Feb 28, 2024",,
Sea of Thieves,Rare,Xbox Game Studios,"Apr 30, 2024","Apr 30, 2024",,
SpellForce: Conquest of Eo,Owned by Gravity,THQ Nordic,Unreleased,"Nov 7, 2023",,
Samurai Gunn 2,YellowAfterlife,YellowAfterlife,TBA,TBA,,
Scatch: The Painter Cat,Isaias Game Dev,Colossus Game Studio,"Jan 8, 2024","Jan 8, 2024",,
Scott Pilgrim vs. the World: The Game - Complete Edition,Ubisoft,Ubisoft,"Jan 14, 2021","Jan 14, 2021",,
Season: A Letter to the Future,Scavengers studio,Scavengers studio,"Jan 1, 2023","Jan 1, 2023",,
Sephonie,Analgesic Productions,Ratalaika Games,"Jul 21, 2023","Jul 21, 2023",,[87]
Serious Sam 4,Croteam,Devolver Digital,"Dec 7, 2021","Dec 7, 2021",,
Shakedown: Hawaii,Vblank Entertainment,Vblank Entertainment,"Dec 15, 2020","Dec 15, 2020",CB,
Sand Land,ILCA,Bandai Namco Entertainment,TBA,TBA,,
Shantae,WayForward,WayForward,Unreleased,"Jun 2, 2023",,
Shantae Advance: Risky Revolution,WayForward,WayForward,Unreleased,2024,,
Shattered – Tale of the Forgotten King,Redlock Studio,Forthright Entertainment,Unreleased,"Apr 22, 2022",,[88]
Sherlock Holmes: The Awakened,Frogwares,Frogwares,"Apr 11, 2023","Apr 11, 2023",,
Sherlock Holmes: Chapter One,Frogwares,Frogwares,"Nov 16, 2021","Nov 16, 2021",,
Shing!,Mass Creation,Mass Creation,Unreleased,"Mar 18, 2021",,
Showa American Story,Nekcom,2P Games,TBA,TBA,,[89]
Sifu,Sloclap,Sloclap,"Feb 8, 2022","Feb 8, 2022",CB,
Silent Hill 2,Bloober Team,Konami,"Oct 8, 2024","Oct 8, 2024",,
Sinfeld Remastered,RareBird Games,RareBird Games,Unreleased,TBA,,
Skull and Bones,Ubisoft Singapore,Ubisoft,"Feb 16, 2023","Feb 16, 2023",,
Slave Zero X,Poppy Works,"Ziggurat Interactive, Inc.","Feb 17, 2024","Feb 17, 2024",,
Smelter,X Plus,Dangen Entertainment,"Sep 1, 2021","Sep 1, 2021",,[90]
Smalland: Survive the Wilds,Merge Games,Merge Games,"Dec 8, 2023","Dec 8, 2023",,
The Smurfs: Mission Vileaf,OSome Studio,Microids,"Apr 14, 2022","Dec 14, 2021",,
Sniper Elite 5,Rebellion Developments,Rebellion Developments,"May 26, 2022","May 26, 2022",,[91]
Sniper Ghost Warrior Contracts 2,CI Games,CI Games,Unreleased,"Aug 24, 2021",,
Solar Ash,Heart Machine,Annapurna Interactive,"Dec 2, 2021","Dec 2, 2021",,
South Park: Snow Day!,Question Games,THQ Nordic,"Mar 26, 2023","Mar 26, 2023",,
Sonic Frontiers,Sonic Team,Sega,"Nov 8, 2022","Nov 8, 2022",,[92]
Sonic Origins,Sonic Team,Sega,"Jun 23, 2022","Jun 23, 2022",,
Sonic Origins Plus,Sonic Team,Sega,"Jun 23, 2023","Jun 23, 2023",,
Sonic Superstars,Sonic Team,Sega,"Oct 17, 2023","Oct 17, 2023",,
Sonic X Shadow Generations,Sonic Team,Sega,"Oct 25, 2024","Oct 25, 2024",,
Soul Hackers 2,Atlus,Atlus,"Aug 25, 2022","Aug 26, 2022",,
Soulstice,Reply Game Studios,Modus Games,"Nov 23, 2022","Sep 20, 2022",,[93]
Spacelords,MercurySteam,MercurySteam,"Nov 12, 2020","Nov 12, 2020",,
SpellForce 3 Reforced,Grimlore Games,THQ Nordic,"Mar 8, 2022","Mar 8, 2022",,
Marvel's Spider-Man 2,Insomniac Games,Sony Interactive Entertainment,"Oct 20, 2023","Oct 20, 2023",,[94]
Marvel's Spider-Man: Miles Morales,Insomniac Games,Sony Interactive Entertainment,"Nov 12, 2020","Nov 12, 2020",CB,
Marvel's Spider-Man Remastered,Insomniac Games,Sony Interactive Entertainment,"Nov 12, 2020","Nov 12, 2020",,
Spirit of the North: Enhanced Edition,Infuse Studio,Merge Games,"Nov 26, 2020","Nov 26, 2020",,[95]
Star Ocean: The Divine Force,tri-Ace,Square Enix,"Oct 27, 2022","Oct 27, 2022",,
SRX: The Game,Monster Games,Monster Games,Unreleased,"May 28, 2021",,
Star Wars: Battlefront Classic Collection[c],Aspyr,Aspyr,"Mar 14, 2024","Mar 14, 2024",,[96]
Star Wars: Knights of the Old Republic — Remake,Aspyr,Sony Interactive Entertainment,TBA,TBA,,
Star Wars Jedi: Fallen Order,Respawn EntertainmentPanic Button,Electronic Arts,"Jun 11, 2021","Jun 11, 2021",CB,
Star Wars Jedi: Survivor,Respawn Entertainment,Electronic Arts,"Apr 28, 2023","Apr 28, 2023",,
Steelrising,Spiders,Nacon,"Sep 8, 2022","Sep 8, 2022",,[32]
The Stone of Madness,Teku Studios,Merge Games,TBA,TBA,,[14]
Stellar Blade,Shift Up,Sony Interactive Entertainment,"Apr 26, 2024","Apr 26, 2024",,[97]
Stonefly,Flight School Studios,MWM Interactive,"Jun 1, 2021","Jun 1, 2021",,
Side Bullet,PressA,PressA,"Oct 4, 2023","Oct 4, 2023",,
Stranger of Paradise: Final Fantasy Origin,Team Ninja,Square Enix,"Mar 18, 2022","Mar 18, 2022",,
Stray,BlueTwelve,Annapurna Interactive,"Jul 19, 2022","Jul 19, 2022",,
Stray Blade,Point Blank,505 Games,"Apr 20, 2023","Apr 20, 2023",,[98]
Street Fighter 6,Capcom,Capcom,"Jun 2, 2023","Jun 2, 2023",,
Street Outlaws 2: Winner Takes All,Team6 Game Studios,NA: GameMill EntertainmentEU: Maximum GamesFRA: Just For Games,Unreleased,"Sep 21, 2021",,
Subnautica,Unknown Worlds Entertainment,Unknown Worlds EntertainmentGearbox Publishing,"May 14, 2021","May 14, 2021",CB,
Subnautica: Below Zero,Unknown Worlds Entertainment,Unknown Worlds EntertainmentBandai Namco Entertainment,"May 14, 2021","May 14, 2021",CB,
Suicide Squad: Kill the Justice League,Rocksteady Studios,WB Games,"Feb 2, 2024","Feb 2, 2024",,
Sumatra: Fate of Yandi,Ratalaika Games,Ratalaika Games,Unreleased,"Mar 18, 2021",,
Super Animal Royale,Pixile,Modus Games,"Aug 26, 2021","Aug 26, 2021",,
Super Bomberman R 2,Konami,Konami,"Sep 12, 2023","Sep 12, 2023",,[99]
Super Monkey Ball: Banana Mania,Ryu Ga Gotoku Studio,Sega,"Oct 7, 2021","Oct 5, 2021",,
Super Sami Roll,Sonzai Games,Sonzai GamesX Plus,Unreleased,"Nov 4, 2021",,[100]
Survivor: Castaway Island,Magic Pockets,Microids,TBA,TBA,,
Sword Art Online: Last Recollection,Aquria,Bandai Namco Entertainment,"Oct 5, 2023","Oct 6, 2023",,[101]
Sword of the Necromancer,Grimorio of Games,JanduSoft,TBA,TBA,,[14]
Synduality,Bandai Namco Studios,Bandai Namco Entertainment,TBA,TBA,,
Tails of Iron,Odd Bug Studio,United Label,Unreleased,"Sep 16, 2021",CB,[102]
Tales of Arise,Bandai Namco Studios,Bandai Namco Entertainment,"Sep 9, 2021","Sep 10, 2021",,
Tales of Kenzera: Zau,Surgent Studios,EA Originals,"Apr 23, 2024","Apr 23, 2024",,
The Talos Principle 2,Croteam,Devolver Digital,"Nov 2, 2023","Nov 2, 2023",,[103]
Tchia,Awaceb,Awaceb,"Mar 21, 2023","Mar 21, 2023",,[104]
TopSpin 2K25,Hungar 13,2K,"Apr 26, 2024","Apr 26, 2024",,
Tekken 8,Bandai Namco Studios,Bandai Namco Entertainment,"Jan 26, 2024","Jan 26, 2024",,
Truck Driver: The American Dream,Kyodai Limited,Soedesco,Unreleased,"Sep 26, 2023",,
Temtem,Crema,Humble Games,"Dec 8, 2020","Dec 8, 2020",,
Terminator: Resistance Enhanced,Teyon,Reef Entertainment,Unreleased,"Apr 30, 2021",CB,
Tesla Force,10tons,10tons,Unreleased,"Nov 24, 2020",CB,[21]
Tesla vs Lovecraft,10tons,10tons,Unreleased,"Dec 4, 2020",,
Test Drive Unlimited Solar Crown,Kylotonn,Nacon,2024,2024,,
Tin Hearts,Rogue Sun,Wired Productions,"May 16, 2023","May 16, 2023",,
Tiny Tina's Wonderlands,Gearbox Software,2K,"Mar 25, 2022","Mar 25, 2022",,
TOEM,Something We Made,Something We Made,Unreleased,"Sep 17, 2021",,
Tom Clancy's Rainbow Six Extraction,Ubisoft Montreal,Ubisoft,"Jan 20, 2022","Jan 20, 2022",CP,
Tom Clancy's Rainbow Six Siege,Ubisoft Montreal,Ubisoft,"Dec 1, 2020","Dec 1, 2020",CB,
Tomb Raider I–III Remastered,Aspyr,Aspyr,"Feb 14, 2024","Feb 14, 2024",,
Tony Hawk's Pro Skater 1 + 2,Vicarious Visions,Activision,"Mar 26, 2021","Mar 26, 2021",,
Tormented Souls,Dual EffectAbstract Digital,PQube,"Aug 27, 2021","Aug 27, 2021",,
Touhou Luna Nights,"Team Ladybug, Why So Serious?",Playism,"Jan 25, 2024","Jan 25, 2024",,
The Touryst,Shin'en Multimedia,Shin'en Multimedia,"Sep 9, 2021","Sep 9, 2021",,[105]
TramSim: Console Edition,ViewApp,Dovetail Games,"Apr 25, 2023","Apr 25, 2023",,
Treasures of the Aegean,Undercoders,Numskull Games,"Nov 11, 2021","Nov 11, 2021",,
Trek to Yomi,Flying Wild Hog,Devolver Digital,"May 5, 2022","May 5, 2022",,
Tribes of Midgard,Norsfell,Gearbox Publishing,"Jul 27, 2021","Jul 27, 2021",,[32]
Trifox,Glowfish Interactive,Big Sugar,Unreleased,"Nov 23, 2022",,[106]
Twin Robots: Ultimate Edition,Thinice Games,Ratalaika Games,Unreleased,"Dec 7, 2020",,
Two Point Campus,Two Point Studios,Sega,"Aug 9, 2022","Aug 9, 2022",,
Trepang2,Trepang Studios,Team17,Unreleased,"Oct 2, 2023",,
UFL,Strikerz,Strikerz,TBA,TBA,,
UFC 5,EA Sports,Electronic Arts Inc.,Unreleased,"Oct 26, 2023",,
Ultimate Fishing Simulator 2,MasterCode,Ultimate Games,2024,2024,,[14]
Utawarerumono: Zan 2,Tamsoft,Aquaplus,"Jul 22, 2021",TBA,,
Uncharted: Legacy of Thieves Collection,Naughty Dog,Sony Interactive Entertainment,"Jan 28, 2022","Jan 28, 2022",,
Undisputed,Steel City Interactive,Deep Silver,"Oct 11, 2024","Oct 11, 2024",,
Undead Horde,10tons,10tons,Unreleased,"Nov 12, 2020",CB,[54]
Undernauts: Labyrinth of Yomi,Experience,Aksys Games,Unreleased,"Aug 11, 2022",,[107]
Under Night In-Birth II [Sys:Celes],French-Bread,Arc System Works,"Jan 25, 2024","Jan 25, 2024",,
Unknown 9: Awakening,Reflector Entertainment,Reflector Entertainment,2024,2024,,[32]
Valkyrie Elysium,Soleil,Square Enix,"Sep 29, 2022","Sep 29, 2022",CB,
Vampire: The Masquerade – Bloodhunt,Sharkmob,Sharkmob,"Apr 27, 2022","Apr 27, 2022",,
Vampire: The Masquerade – Bloodlines 2,Hardsuit Labs,Paradox Interactive,Q4 2024,Q4 2024,,
Vampire: The Masquerade – Swansong,Big Bad Wolf,Nacon,Unreleased,"May 19, 2022",,
Vigor,Bohemia Interactive,Bohemia Interactive,"Dec 9, 2020","Dec 9, 2020",,
Visions of Mana,Ouka Studios,Square Enix,2024,2024,,
Void Terrarium Plus,Nippon Ichi Software,Nippon Ichi Software,"Feb 18, 2021","May 18, 2021",,[108]
Watch Dogs: Legion,Ubisoft Toronto,Ubisoft,"Nov 12, 2020","Nov 12, 2020",CB,
Warframe,Digital Extremes,Digital Extremes,"Nov 26, 2020","Nov 26, 2020",CP,
"Warhammer 40,000: Shootas, Blood & Teef",Rogueside,Rogueside,"Dec 2, 2022","Dec 2, 2022",,[109]
"Warhammer 40,000: Space Marine II",Saber Interactive,Focus Entertainment,"Sep 9, 2024","Sep 9, 2024",,[110]
Warhammer: Chaosbane,Eko Software,Bigben Interactive,"Nov 12, 2020","Nov 12, 2020",,
War Hospital,Brave Lamb Studio,Movie Games,"Aug 31, 2023","Aug 31, 2023",,
War Mongrels,Destructive Creations,All in! Games,"Apr 25, 2023","Apr 25, 2023",,[53]
War Thunder,Gaijin Entertainment,Gaijin Entertainment,"Nov 16, 2020","Nov 17, 2020",,
Warsaw,Pixelated Milk,Pixelated Milk,"Nov 12, 2020","Nov 12, 2020",,
Wayfinder,Airship Syndicate,Digital Extremes,"Aug 17, 2023","Aug 17, 2023",,
Werewolf: The Apocalypse – Earthblood,Cyanide,Nacon,Unreleased,"Feb 4, 2021",CB,
Where Winds Meet,Everstone Studio,Everstone StudioNetEase,2024,2024,,
Wild Hearts,Omega Force,Electronic Arts,"Feb 17, 2023","Feb 17, 2023",,
The Witcher 3: Wild Hunt,CD Projekt Red,CD Projekt,"Dec 14, 2022","Dec 14, 2022",CB,
The Wolf Among Us 2,Telltale GamesAdHoc Studio,Telltale GamesAthlon Games,2024,2024,,
Marvel's Wolverine,Insomniac Games,Sony Interactive Entertainment,TBA,TBA,,
Wo Long: Fallen Dynasty,Team Ninja,Koei Tecmo,"Mar 3, 2023","Mar 3, 2023",,
Wanderstop,Ivy Road,Annapurna Interactive,2024,2024,,[111]
World of Warships: Legends,Lesta Studio,Wargaming,"Apr 26, 2021","Apr 26, 2021",,
World War Z: Aftermath,Saber Interactive,Mad Dog Games,Unreleased,"Jan 24, 2023",,
Wordbreaker by POWGI,Lightwood Games,Lightwood Games,Unreleased,"Mar 14, 2022",,
Worms Rumble,Team17,Team17,"Dec 1, 2020","Dec 1, 2020",CP,
WRC 9,Kylotonn,Nacon,"Nov 12, 2020","Nov 12, 2020",CB,
WRC 10,Kylotonn,Nacon,"Sep 2, 2021","Sep 2, 2021",,
Wreckfest,Bugbear Entertainment,THQ Nordic,"Jun 1, 2021","Jun 1, 2021",[d],
WWE 2K22,Visual Concepts,2K,"Mar 11, 2022","Mar 11, 2022",,
WWE 2K23,Visual Concepts,2K,"Mar 17, 2023","Mar 17, 2023",,
WWE 2K24,Visual Concepts,2K,"Mar 8, 2024","Mar 8, 2024",,
XDefiant,Ubisoft San Francisco,Ubisoft,"May 21, 2024","May 21, 2024",CP,
Yakuza: Like a Dragon,Ryu Ga Gotoku Studio,Sega,"Mar 2, 2021","Mar 2, 2021",CB,
"Yeah! You Want ""Those Games,"" Right? So Here You Go! Now, Let's See You Clear Them!",Monkeycraft,D3 Publisher,Unreleased,"Jan 10, 2024",,
"Yeah! You Want ""Those Games,"" Right? So Here You Go! Now, Let's See You Clear Them! 2",Monkeycraft,D3 Publisher,Unreleased,"Jul 17, 2024",,
Ys VIII: Lacrimosa of Dana,Nihon Falcom,NIS America,Unreleased,"Nov 15, 2022",,[112]
Ys IX: Monstrum Nox,Nihon Falcom,NIS America,Unreleased,"May 9, 2023",,[113]
Ys X: Nordics,Nihon Falcom,NIS America,"Sep 28, 2023",2024,,[114]
Yu-Gi-Oh! Master Duel,Konami,Konami,"Jan 28, 2022","Jan 28, 2022",,
Yuoni,Tricore,Chorus Worldwide,"Aug 19, 2021","Aug 19, 2021",,
Yurukill: The Calumniation Games,G.Rev,JP: Izanagi GamesWW: NIS America,"Apr 14, 2022","Jun 7, 2022",,[115]
Zaggy Car,Zakym,Zakym,"Jul 5, 2024","Jul 5, 2024",,
Zenless Zone Zero,miHoYo,miHoYo,"Jul 4, 2024","Jul 4, 2024",,
Zenith: Nexus,TRIBEVR,TRIBEVR,Unreleased,"Feb 21, 2023",,
